EXTRA IN SIT,MISSING IN SIT
360T-P,HNLYPBBOA_NEW
AXIBNP_CITI,FCFX_ERROR
BOAPBFEES,GAIN_JP
CNXPROFIT,HNLY630
CONVERSION,SWEETFUTURES
CURRENEX,SAIMAGROUP
EBS,IFM661
FASTMATCH,IFM717
FCFX-ERROR,REUTERS_JP
FCFX310D,IFM_OPTIONS
FCFX310G,IFL_OPTIONS
FCFX406B,GESATKR_BNP_JP
FCFX542,IFM744
FREDALLATT,IFM745
FXALL,IFL_JPM_JPM
GAIN,
HCTECT_CI,
HNLY572,
HNLY590,
HNLY593,
HNLY615,
HNLYDSK5,
HNLYDSK7,
HNLYDSK8,
HNLYPBBNP,
HNLYPBBOA-COLL,
HNLYPBBOA-DESK,
HNLYPBBOA-NEW,
HNLYPBJPM,
HNLYPBJPM-DESK,
HNLYPBJPM-HC,
HOTSPOT,
IFE09100-SUB1,
IFE11650-ICMC,
IFE12030-SAAM,
IFE40220-LDNT,
IFEIFMTEST-AIR,
IFEM12085-LAND,
IFEMT0175,
IFEMT0180A,
IFEMT7000,
IFEMT7001,
IFEMT7002,
IFEMT7003,
IFEMT7004,
IFEMT7005,
IFEMT70054,
IFEMT7006,
IFEMT7007,
IFEMT7008,
IFEMT7009,
IFEMT7010,
IFEMT7011,
IFEMT7012,
IFEMT7013,
IFEMT7014,
IFEMT7015,
IFEMT7016,
IFEMT7017,
IFEMT7018,
IFEMT7019,
IFEMT7020,
IFEMT7021,
IFEMT7022,
IFEMT7023,
IFEMT7024,
IFEMT7025,
IFEMT7026,
IFEMT7027,
IFEMT7028,
IFEMT7029,
IFEMT7030,
IFEMT7031,
IFEMT7032,
IFEMT7033,
IFEMT7034,
IFEMT7035,
IFEMT7036,
IFEMT7037,
IFEMT7038,
IFEMT7039,
IFEMT7040,
IFEMT7041,
IFEMT7042,
IFEMT7043,
IFEMT7044,
IFEMT7045,
IFEMT7046,
IFEMT7047,
IFEMT7048,
IFEMT7049,
IFEMT7050,
IFEMT7051,
IFEMT7052,
IFEMT7053,
IFEMT7055,
IFEMT7076,
IFEMT7077,
IFEMT7078,
IFEMT7079,
IFEMT7080,
IFEMT7081,
IFEMT7082,
IFEMT7083,
IFEMT7084,
IFEMT7085,
IFEMT7086,
IFEMT7087,
IFEMT7088,
IFEMT7089,
IFEMT7090,
IFEMT7091,
IFEMT7092,
IFEMT7093,
IFEMT7094,
IFEMT7095,
IFEMT7096,
IFEMT7097,
IFEMT7098,
IFEMT7099,
IFEMT7100,
IFEMT7101,
IFEMT7102,
IFEMT7103,
IFEMT7104,
IFEMT7117,
IFEMT8300,
IFEMT8500,
IFEMT8555,
IFEMT8666,
IFEMT8777,
IFEMT8888,
IFENOMINAL,
IFL_CITI_CITI,
IFL_CITI_UBS,
IFL_CONVERSION,
IFL_DMCC,
IFL_ECOMM,
IFL_GL_ACCOUNT,
IFL_LDNFWD,
IFL_LDNXAG,
IFL_LDNXAU,
IFL_LDNXIR,
IFL_LDNXPD,
IFL_LDNXPT,
IFL_LDNXRE,
IFL_LDNXRH,
IFL_LDNXRU,
IFL_OPTION,
IFL_SING,
IFL_UBS_CITI,
IFL_UBS_UBS,
IFL_USXAG,
IFL_USXAU,
IFL_UXSPT,
IFMDESK,
IFMFUT_CHICAGO,
IFM_BOA_BOA,
IFM_BOA_JPM,
IFM_CONVERSION,
IFM_JPM_BOA,
IFM_JPM_JPM,
IFM_OPTION,
INTEGRAL,
JOECONLAN,
JPMPBFEES,
M_FCFX310,
ONEZEROFEES,
PM_CONVERSION,
REUTERS,
SWEETFUTURESLLC,
TULA,
